{"text": " W\u00e4hrend der US-Hersteller Boeing wegen massiver Sicherheitsm\u00e4ngel in die Krise st\u00fcrzt, setzen Airbus und der brasilianische Konkurrent Embraer zum H\u00f6henflug an. Was machen sie besser als der Erzrivale?", "segments": [{"id": 0, "seek": 0, "start": 0.0, "end": 6.44, "text": " W\u00e4hrend der US-Hersteller Boeing wegen massiver Sicherheitsm\u00e4ngel in die Krise st\u00fcrzt, setzen", "tokens": [50364, 40084, 4542, 1163, 2546, 12, 39, 16398, 14983, 30831, 32855, 2758, 1837, 25292, 24260, 76, 9935, 338, 294, 978, 6332, 908, 342, 1655, 2682, 11, 35877, 50686], "temperature": 0.0, "avg_logprob": -0.18991068326509916, "compression_ratio": 1.2349397590361446, "no_speech_prob": 0.0013857783051207662}, {"id": 1, "seek": 0, "start": 6.44, "end": 11.32, "text": " Airbus und der brasilianische Konkurrent Embraer zum H\u00f6henflug an.", "tokens": [50686, 5774, 21441, 674, 1163, 738, 13353, 952, 7864, 12718, 33503, 1753, 24234, 424, 260, 5919, 30824, 2932, 3423, 697, 364, 13, 50930], "temperature": 0.0, "avg_logprob": -0.18991068326509916, "compression_ratio": 1.2349397590361446, "no_speech_prob": 0.0013857783051207662}, {"id": 2, "seek": 0, "start": 11.32, "end": 13.84, "text": " Was machen sie besser als der Erzrivale?", "tokens": [50930, 3027, 7069, 2804, 18021, 3907, 1163, 3300, 89, 29994, 1220, 30, 51056], "temperature": 0.0, "avg_logprob": -0.18991068326509916, "compression_ratio": 1.2349397590361446, "no_speech_prob": 0.0013857783051207662}], "language": "de"}