{"text": " Let us explore some basic examples of speech-to-text conversion in Python. There are a few libraries and tools you can use to achieve this. I'll provide examples using two popular options, speech recognition and OpenAI's whisper.", "segments": [{"id": 0, "seek": 0, "start": 0.0, "end": 5.12, "text": " Let us explore some basic examples of speech-to-text conversion in Python.", "tokens": [50364, 961, 505, 6839, 512, 3875, 5110, 295, 6218, 12, 1353, 12, 25111, 14298, 294, 15329, 13, 50620], "temperature": 0.0, "avg_logprob": -0.14885157727180642, "compression_ratio": 1.3055555555555556, "no_speech_prob": 0.004552118014544249}, {"id": 1, "seek": 0, "start": 5.76, "end": 10.24, "text": " There are a few libraries and tools you can use to achieve this.", "tokens": [50652, 821, 366, 257, 1326, 15148, 293, 3873, 291, 393, 764, 281, 4584, 341, 13, 50876], "temperature": 0.0, "avg_logprob": -0.14885157727180642, "compression_ratio": 1.3055555555555556, "no_speech_prob": 0.004552118014544249}, {"id": 2, "seek": 0, "start": 10.24, "end": 14.08, "text": " I'll provide examples using two popular options,", "tokens": [50876, 286, 603, 2893, 5110, 1228, 732, 3743, 3956, 11, 51068], "temperature": 0.0, "avg_logprob": -0.14885157727180642, "compression_ratio": 1.3055555555555556, "no_speech_prob": 0.004552118014544249}, {"id": 3, "seek": 1408, "start": 14.08, "end": 17.36, "text": " speech recognition and OpenAI's whisper.", "tokens": [50368, 6218, 11150, 293, 7238, 48698, 311, 26018, 13, 50528], "temperature": 0.0, "avg_logprob": -0.4970223686911843, "compression_ratio": 0.8333333333333334, "no_speech_prob": 0.3454451262950897}], "language": "en"}